<application>
  <component name="ProjectManager">
    <defaultProject>
      <component name="MavenImportPreferences">
        <option name="generalSettings">
          <MavenGeneralSettings>
            <option name="localRepository" value="$USER_HOME$/MyInstall/Maven/apache-maven-3.6.3/repository" />
            <option name="mavenHome" value="$USER_HOME$/MyInstall/Maven/apache-maven-3.6.3" />
            <option name="userSettingsFile" value="$USER_HOME$/MyInstall/Maven/apache-maven-3.6.3/conf/settings.xml" />
          </MavenGeneralSettings>
        </option>
      </component>
      <component name="ProjectViewState">
        <option name="showLibraryContents" value="true" />
      </component>
      <component name="PropertiesComponent">
        <property name="settings.editor.selected.configurable" value="preferences.pluginManager" />
      </component>
    </defaultProject>
  </component>
</application>