<application>
  <component name="UpdatesConfigurable">
    <option name="CHECK_NEEDED" value="false" />
    <ignoredBuildNumbers>
      <item value="212.5284.40" />
    </ignoredBuildNumbers>
    <option name="LAST_BUILD_CHECKED" value="IU-212.4746.92" />
    <option name="LAST_TIME_CHECKED" value="1634890655400" />
    <pluginHosts>
      <item value="https://plugins.zhile.io" />
    </pluginHosts>
    <option name="PLUGINS_CHECK_NEEDED" value="false" />
    <option name="THIRD_PARTY_PLUGINS_ALLOWED" value="true" />
  </component>
</application>